algo_id,mint,symbol,name,entry_timestamp,entry_price_usd,exit_timestamp,exit_price_usd,pnl_percent,pnl_usd,exit_reason,high_water_mark_price,high_water_mark_percent,trade_duration_hours,candles_in_trade,score_at_entry,liquidity_at_entry,momentum_1h_at_entry,vol_liq_ratio_at_entry
"genetic_best","3g3YFfUZLspiKpVmv9mDkaDcKh168CLArcqShR64pump","hopecoin","hopecoin",1771006200,0.00011818474281072832,1771007400,0.00009990527114421435,-16.2927,-1.6293,"sl_hit",0.00015100964790553284,27.7742,0.33,4,47,21873.0796,-1.652,13.93
"genetic_best","8ucgWfoG9UDTZttgzKP99f4pLtZyczDan2GDHiG7pump","Cat","Catcoin",1771008300,0.00004819945741513234,1771008900,0.00008388576331673953,72.9898,7.299,"tp_hit",0.00008537758371120955,77.1339,0.17,2,67,21017.75,-22.85,9.395
"genetic_best","8ucgWfoG9UDTZttgzKP99f4pLtZyczDan2GDHiG7pump","Cat","Catcoin",1771013100,0.00011361670593615246,1771014900,0.00009604376625197841,-16.2927,-1.6293,"sl_hit",0.00012797118132582257,12.6341,0.5,6,67,21017.75,-22.85,9.395
"genetic_best","3g3YFfUZLspiKpVmv9mDkaDcKh168CLArcqShR64pump","hopecoin","hopecoin",1771014000,0.00011770048742969859,1771017900,0.00009949591487711732,-16.2927,-1.6293,"sl_hit",0.0001299334145103923,10.3933,1.08,13,47,21873.0796,-1.652,13.93
"genetic_best","AhU5zEZLieEpP3bhvsjmWqWJScX7pDsFs6XPc9FGbonk","LinhMai","Linh Mai",1771017300,0.00015951967409254654,1771018200,0.00013484698544020425,-16.2927,-1.6293,"sl_hit",0.0001778402066140306,11.4848,0.25,3,73,57059.38,6.89,5.114
"genetic_best","BeFtLwLtS9Rva12KrHKRMY1H5WoeM1Y2ULMnNJKopump","BINDER","BINDER",1771018200,0.0014299214598981454,1771030800,0.0012087574738377065,-16.2927,-1.6293,"sl_hit",0.0019088005540570073,33.4899,3.5,42,62,178690.4236,-2.272,3.478
"genetic_best","8ucgWfoG9UDTZttgzKP99f4pLtZyczDan2GDHiG7pump","Cat","Catcoin",1771019700,0.00018537164846080167,1771020300,0.00015670047047938612,-16.2927,-1.6293,"sl_hit",0.00020424491469694004,10.1813,0.17,2,67,21017.75,-22.85,9.395
"genetic_best","Dno6qcgAPnJBQ6sZAETyrAhquRBU2QuHVuSYiMNHpump","Cloud","Pippin's Dream",1771020600,0.000002157975611069214,1771036800,0.0000021149789101694197,-2.8519,-0.2852,"expired",0.000002157975611069214,0,4.5,15,42,4408.83,3.36,1.129
"genetic_best","AhU5zEZLieEpP3bhvsjmWqWJScX7pDsFs6XPc9FGbonk","LinhMai","Linh Mai",1771023000,0.0004145198907716382,1771024200,0.0003504066692308388,-16.2927,-1.6293,"sl_hit",0.00048748739069403766,17.6029,0.33,4,73,57059.38,6.89,5.114
"genetic_best","GPTfQizjVNQfjKiPzqXswetu5QXoFdTrtEahfWtEpump","underclass","escape the permanent underclass",1771025700,0.00011073349606608663,1771026300,0.00009360649848810211,-16.2927,-1.6293,"sl_hit",0.00014197003149405029,28.2088,0.17,2,62,30997.27,28.52,9.545
"genetic_best","3g3YFfUZLspiKpVmv9mDkaDcKh168CLArcqShR64pump","hopecoin","hopecoin",1771028700,0.0000878456490214185,1771043400,0.00010589471299068937,19.6307,1.9631,"expired",0.00013072252982291476,48.8093,4.08,49,47,21873.0796,-1.652,13.93
"genetic_best","8ucgWfoG9UDTZttgzKP99f4pLtZyczDan2GDHiG7pump","Cat","Catcoin",1771029600,0.00009718706646549807,1771044300,0.00010538093164896616,7.5456,0.7546,"expired",0.00016907953703090026,73.9733,4.08,49,67,21017.75,-22.85,9.395
"genetic_best","AhU5zEZLieEpP3bhvsjmWqWJScX7pDsFs6XPc9FGbonk","LinhMai","Linh Mai",1771030800,0.0003097487872584041,1771031100,0.00026184036823772926,-16.2927,-1.6293,"sl_hit",0.00031343810589279386,1.1911,0.08,1,73,57059.38,6.89,5.114
"genetic_best","BzyKa1FGjs2EUpu3GGDibY4xdygn5evAiRboKmETpump","TRENCH","Trenches Game",1771031400,0.00032055634265198854,1771031700,0.00027097633389897664,-16.2927,-1.6293,"sl_hit",0.00032055634265198854,0,0.08,1,55,36664.7113,-5.301,6.998
"genetic_best","Dt7rNPRfpmf4P8QvWQgyh5S7pnp4nQWYUmUwrarwpump","BabyPippin","BabyPippin",1771034400,0.00009580489713460722,1771035000,0.00016673770528991696,72.9898,7.299,"tp_hit",0.00017461329575179301,82.2593,0.17,2,57,40540.5451,11.511,18.339
"genetic_best","GPTfQizjVNQfjKiPzqXswetu5QXoFdTrtEahfWtEpump","underclass","escape the permanent underclass",1771035300,0.00006035539518878651,1771047000,0.00005102030920360528,-16.2927,-1.6293,"sl_hit",0.0000825423471719344,36.7605,3.25,37,62,30997.27,28.52,9.545
"genetic_best","9QYybdHqCWB53h3bpJ6DY2ojgXavQKKe2yZR66xzDAKh","CASH","Cash City",1771035300,0.015864446980352685,1771050000,0.020100721652864344,25.772,2.5772,"expired",0.020211734605183315,27.4027,4.08,49,63,375833.7349,0.087,0.516
"genetic_best","BzyKa1FGjs2EUpu3GGDibY4xdygn5evAiRboKmETpump","TRENCH","Trenches Game",1771035900,0.000266801699553745,1771041600,0.0004643385096331557,72.9898,7.299,"tp_hit",0.0005102790532752815,91.2578,1.58,19,55,36664.7113,-5.301,6.998
"genetic_best","BeFtLwLtS9Rva12KrHKRMY1H5WoeM1Y2ULMnNJKopump","BINDER","BINDER",1771038600,0.0013249052705958217,1771041600,0.00230584939969488,72.9898,7.299,"tp_hit",0.0023915444823975405,80.5068,0.83,10,62,178690.4236,-2.272,3.478
"genetic_best","4X5Yg8xwwyLkuxjkaRzsiXUVnE6bAvkqn1ePgdbWpump","onlineWar","SEAblings vs SOKOR",1771039200,0.00003613361469734029,1771043100,0.00006288651393257653,72.9898,7.299,"tp_hit",0.00006687376972162755,85.0736,1.08,12,56,13603.65,-4.63,5.645
"genetic_best","AhU5zEZLieEpP3bhvsjmWqWJScX7pDsFs6XPc9FGbonk","LinhMai","Linh Mai",1771043100,0.00036855929320976345,1771050600,0.0003115547340980375,-16.2927,-1.6293,"sl_hit",0.0005894556816880312,59.9351,2.08,25,73,57059.38,6.89,5.114
"genetic_best","8T4yRnnZAaAnFZsLFqx4Dw9HGCUbdx9KmcsRy2Jspump","goon","gooncoin",1771043400,0.00002460852270359055,1771043700,0.000020802356333744922,-16.2927,-1.6293,"sl_hit",0.00002483943298730446,0.9383,0.08,1,55,27965.7383,8.926,12.698
"genetic_best","Dt7rNPRfpmf4P8QvWQgyh5S7pnp4nQWYUmUwrarwpump","BabyPippin","BabyPippin",1771046100,0.00027809467948534115,1771046400,0.00023508215778952774,-16.2927,-1.6293,"sl_hit",0.00027809467948534115,0,0.08,1,57,40540.5451,11.511,18.339
"genetic_best","9X8VSUD8yhYbHtR3KdKeCvnb7TNfgTKMFufgpCympump","right","we're curing cancer, right?",1771046400,0.00014847368255976678,1771048200,0.00025840183400203774,72.9898,7.299,"tp_hit",0.00032912239209278787,121.6705,0.5,6,58,53341.8422,-19.242,42.596
"genetic_best","BeFtLwLtS9Rva12KrHKRMY1H5WoeM1Y2ULMnNJKopump","BINDER","BINDER",1771049100,0.015330753784275715,1771053000,0.012959567176248245,-16.2927,-1.6293,"sl_hit",0.015858285096922005,3.441,1.08,13,62,178690.4236,-2.272,3.478
"genetic_best","BzyKa1FGjs2EUpu3GGDibY4xdygn5evAiRboKmETpump","TRENCH","Trenches Game",1771049400,0.0004472532076295343,1771051200,0.0003780771689786347,-16.2927,-1.6293,"sl_hit",0.00045723854609417444,2.2326,0.5,6,55,36664.7113,-5.301,6.998
"genetic_best","Dza3Bey5tvyYiPgcGRKoXKU6rNrdoNrWNVmjqePcpump","UNSYS","Uncertain Systems",1771049700,0.00004619891999428428,1771050300,0.00003905339656228333,-16.2927,-1.6293,"sl_hit",0.00004966829371765083,7.5096,0.17,2,61,111440.0521,21.81,25.973
"genetic_best","8T4yRnnZAaAnFZsLFqx4Dw9HGCUbdx9KmcsRy2Jspump","goon","gooncoin",1771049700,0.000025977202549775792,1771052400,0.00002195934435005548,-16.2927,-1.6293,"sl_hit",0.00003527239973606484,35.7821,0.75,9,55,27965.7383,8.926,12.698
"genetic_best","3g3YFfUZLspiKpVmv9mDkaDcKh168CLArcqShR64pump","hopecoin","hopecoin",1771050300,0.00010791902650393867,1771056900,0.00009122733906323592,-16.2927,-1.6293,"sl_hit",0.00012127318630178889,12.3742,1.83,22,47,21873.0796,-1.652,13.93
"genetic_best","4X5Yg8xwwyLkuxjkaRzsiXUVnE6bAvkqn1ePgdbWpump","onlineWar","SEAblings vs SOKOR",1771051200,0.00003753215110947306,1771057200,0.00003172710490407864,-16.2927,-1.6293,"sl_hit",0.000049902409246611233,32.9591,1.67,19,56,13603.65,-4.63,5.645
"genetic_best","8ucgWfoG9UDTZttgzKP99f4pLtZyczDan2GDHiG7pump","Cat","Catcoin",1771051200,0.00011376858614294988,1771052100,0.00009617215535602577,-16.2927,-1.6293,"sl_hit",0.0001175654323701052,3.3373,0.25,3,67,21017.75,-22.85,9.395
"genetic_best","Dt7rNPRfpmf4P8QvWQgyh5S7pnp4nQWYUmUwrarwpump","BabyPippin","BabyPippin",1771052400,0.000255679765885338,1771054200,0.00021613412805553087,-16.2927,-1.6293,"sl_hit",0.00031325584385735153,22.5188,0.5,6,57,40540.5451,11.511,18.339
"genetic_best","9X8VSUD8yhYbHtR3KdKeCvnb7TNfgTKMFufgpCympump","right","we're curing cancer, right?",1771054500,0.00025210222741972084,1771056900,0.0004387557228873315,72.9898,7.299,"tp_hit",0.0004424826690100406,75.5172,0.67,8,58,53341.8422,-19.242,42.596
"genetic_best","2GStV8bDvvkNF3mSErWmbVdyYJnsyB9PBMHS8Tcm6GwJ","VALENTINE","Valentine's Day",1771054800,0.00006442071935694493,1771057200,0.0001121170549727846,72.9898,7.299,"tp_hit",0.00012228057970447746,89.8156,0.67,8,64,234512.7508,0,34.971
"genetic_best","GPTfQizjVNQfjKiPzqXswetu5QXoFdTrtEahfWtEpump","underclass","escape the permanent underclass",1771055400,0.00009340050437277477,1771055700,0.0000789543767871312,-16.2927,-1.6293,"sl_hit",0.00009430622559865377,0.9697,0.08,1,62,30997.27,28.52,9.545
"genetic_best","BzyKa1FGjs2EUpu3GGDibY4xdygn5evAiRboKmETpump","TRENCH","Trenches Game",1771055700,0.00045661374726749113,1771058100,0.00038598992682153076,-16.2927,-1.6293,"sl_hit",0.0004884560050305325,6.9736,0.67,8,55,36664.7113,-5.301,6.998
"genetic_best","5sR3Mq69Jrko7HbGemCuJWwuQg6qhbgwRdeTDwLq4ui2","FURGY","Furgy",1771056600,0.0002595416293758359,1771058400,0.00045170316970885593,72.9898,7.299,"tp_hit",0.00046402393981150844,78.7859,0.5,6,58,99678.4694,0,140.632
"genetic_best","BeFtLwLtS9Rva12KrHKRMY1H5WoeM1Y2ULMnNJKopump","BINDER","BINDER",1771056900,0.011532307661379998,1771057500,0.009748621492317389,-16.2927,-1.6293,"sl_hit",0.011532307661379998,0,0.17,2,62,178690.4236,-2.272,3.478
"genetic_best","9QYybdHqCWB53h3bpJ6DY2ojgXavQKKe2yZR66xzDAKh","CASH","Cash City",1771057200,0.0243559768464191,1771071900,0.02591761247273355,5.5313,0.5531,"expired",0.027539265187814063,13.0698,4.08,49,63,375833.7349,0.087,0.516
"genetic_best","8ucgWfoG9UDTZttgzKP99f4pLtZyczDan2GDHiG7pump","Cat","Catcoin",1771057800,0.00008933517041231654,1771062600,0.0001554778697304471,72.9898,7.299,"tp_hit",0.00015916976856041317,78.1715,1.33,16,67,21017.75,-22.85,9.395
"genetic_best","5pB2b4f8hH9VXNeo6EyEYvnPSxaKLgyZ4VxxKb5tcNmG","USRX","United States RX",1771059000,0.0005094167018156669,1771060800,0.0008865827785166529,72.9898,7.299,"tp_hit",0.0009732424991699211,91.0504,0.5,6,52,11286.0234,0,1278.861
"genetic_best","GPTfQizjVNQfjKiPzqXswetu5QXoFdTrtEahfWtEpump","underclass","escape the permanent underclass",1771060800,0.00012343588888119478,1771062600,0.00010434422967228759,-16.2927,-1.6293,"sl_hit",0.00012343588888119478,0,0.5,6,62,30997.27,28.52,9.545
"genetic_best","4X5Yg8xwwyLkuxjkaRzsiXUVnE6bAvkqn1ePgdbWpump","onlineWar","SEAblings vs SOKOR",1771061100,0.00004456372739063565,1771072500,0.00003767111695025119,-16.2927,-1.6293,"sl_hit",0.00005270305456287216,18.2645,3.17,36,56,13603.65,-4.63,5.645
"genetic_best","EjogEgoNXvCboCiAJewbtMaAug2JoVBCRvMSJDVqb9z4","ValTroll","Valentine Troll",1771061400,0.0001146247952811106,1771062900,0.00009689593580407473,-16.2927,-1.6293,"sl_hit",0.00015652177416521497,36.5514,0.42,5,58,87797.5671,0,92.533
"genetic_best","AhU5zEZLieEpP3bhvsjmWqWJScX7pDsFs6XPc9FGbonk","LinhMai","Linh Mai",1771061700,0.00041143187413159087,1771067400,0.0003477962718784846,-16.2927,-1.6293,"sl_hit",0.0004519988439332195,9.8599,1.58,19,73,57059.38,6.89,5.114
"genetic_best","3g3YFfUZLspiKpVmv9mDkaDcKh168CLArcqShR64pump","hopecoin","hopecoin",1771061700,0.00009102541031477839,1771062900,0.00007694663526133081,-16.2927,-1.6293,"sl_hit",0.00009189356335208437,0.9537,0.33,4,47,21873.0796,-1.652,13.93
"genetic_best","AjZ2pixdhvANRvPb68ouTGf4ZJJpsHbjQaXpoBPstnbw","SEED2","Seed 2.0",1771062600,0.00008201670236604801,1771066200,0.00006933129178405713,-16.2927,-1.6293,"sl_hit",0.0000980013303885239,19.4895,1,12,53,11341.9825,1.464,46.779
"genetic_best","Dza3Bey5tvyYiPgcGRKoXKU6rNrdoNrWNVmjqePcpump","UNSYS","Uncertain Systems",1771063500,0.0000327967602539624,1771063800,0.000027724130441027385,-16.2927,-1.6293,"sl_hit",0.00003692435948708936,12.5854,0.08,1,61,111440.0521,21.81,25.973
"genetic_best","Dt7rNPRfpmf4P8QvWQgyh5S7pnp4nQWYUmUwrarwpump","BabyPippin","BabyPippin",1771063500,0.00025069222401488065,1771071900,0.0002119180024283071,-16.2927,-1.6293,"sl_hit",0.0003435093290441093,37.0243,2.33,28,57,40540.5451,11.511,18.339
"genetic_best","DjXYs7rtZAYj6YBTmniXrdLKNA2wdopRojckFmuLpump","PW","Psych Ward",1771064100,0.0001361316507879447,1771064700,0.00011507635554159312,-16.2927,-1.6293,"sl_hit",0.00014416747661464551,5.903,0.17,2,52,14417.338,21.743,72.667
"genetic_best","8T4yRnnZAaAnFZsLFqx4Dw9HGCUbdx9KmcsRy2Jspump","goon","gooncoin",1771064100,0.000021699376743025824,1771066800,0.000018343163978825043,-16.2927,-1.6293,"sl_hit",0.000021699376743025824,0,0.75,9,55,27965.7383,8.926,12.698
"genetic_best","4ABZXWi7BGXNeJd9CMU1abvHYmtVKNgV5DtpW6JLNSEc","NVIDIA","Nvidia Official ✅",1771065000,0.0001175392159485808,1771066200,0.00020456385565872066,72.9898,7.299,"tp_hit",0.00021656662726285932,84.2505,0.33,4,60,131891.0375,0,81.013
"genetic_best","BeFtLwLtS9Rva12KrHKRMY1H5WoeM1Y2ULMnNJKopump","BINDER","BINDER",1771065300,0.010303357738749973,1771077300,0.008709751564414406,-16.2927,-1.6293,"sl_hit",0.011519186989778168,11.8003,3.33,40,62,178690.4236,-2.272,3.478
"genetic_best","6RLKHhdsTwWqz7kRkdigL4488sNYJAYJR3589zjLpump","3301","1231507051321",1771065900,0.0000355901741745441,1771068000,0.000030085490871456855,-16.2927,-1.6293,"sl_hit",0.00004383877194653624,23.1766,0.58,7,55,36436.5345,1.834,14.296
"genetic_best","8ucgWfoG9UDTZttgzKP99f4pLtZyczDan2GDHiG7pump","Cat","Catcoin",1771066500,0.00016776399849927702,1771067100,0.00014181617152689177,-16.2927,-1.6293,"sl_hit",0.00016975246461176338,1.1853,0.17,2,67,21017.75,-22.85,9.395
"genetic_best","GPTfQizjVNQfjKiPzqXswetu5QXoFdTrtEahfWtEpump","underclass","escape the permanent underclass",1771068300,0.0001392205740596671,1771071000,0.00011768751929814772,-16.2927,-1.6293,"sl_hit",0.0001552191942581683,11.4916,0.75,8,62,30997.27,28.52,9.545
"genetic_best","4yRSDGC5zjkF8nHg3CqR2SNvYUQSmPeo5QBvmVs9pump","JUICEWHALE","The Juice Whale",1771068600,0.000006633853531481292,1771075500,0.0000056078045273156866,-16.2927,-1.6293,"sl_hit",0.000006988396362769322,5.3444,1.92,18,47,4371.0365,0,458.265
"genetic_best","3g3YFfUZLspiKpVmv9mDkaDcKh168CLArcqShR64pump","hopecoin","hopecoin",1771068600,0.00008440568014646496,1771083300,0.00009633509369009959,13.2338,1.3234,"expired",0.0001323689643452322,56.8247,4.08,49,47,21873.0796,-1.652,13.93
"genetic_best","7jQPXyHbW9xnhVYvh17XAdM4mcpDB23TEY8D2qYG4Fwv","CUPID","Brad Cupidhouse",1771069200,0.00006536370833505216,1771073700,0.0001137582217922883,72.9898,7.299,"tp_hit",0.00012025172732530317,83.9732,1.25,15,60,150135.6005,0,63.289
"genetic_best","2xbybpkzYDFEjwGMhk36HVBBqTsaMo8ad49tbyqBpump","Bitboy","The Bitboy",1771069800,0.00001601907548479611,1771072200,0.000027879408747217773,72.9898,7.299,"tp_hit",0.000039508381081951465,146.6333,0.67,8,45,4278.3443,0.807,65.233
"genetic_best","Dza3Bey5tvyYiPgcGRKoXKU6rNrdoNrWNVmjqePcpump","UNSYS","Uncertain Systems",1771069800,0.00002695953810614284,1771072500,0.000046920059975415996,72.9898,7.299,"tp_hit",0.00005187139042482879,92.4046,0.75,5,61,111440.0521,21.81,25.973
"genetic_best","BCG4MBb279NJnJh9iFGooKbKzihymv7gVuEUtcdzpump","PERPZ","Perpz",1771070100,0.00019900562376555357,1771071000,0.00016822569757046806,-16.2927,-1.6293,"sl_hit",0.00020131989682363702,1.1629,0.25,3,55,30400.77,-6.782,17.139
"genetic_best","EdnyJ5BwQ6JjdghkweQAxJJkAcytHYnHXQvF6Cms28E6","USRX","United States RX",1771070700,0.00046415887518469327,1771074000,0.0008078165944847975,72.9898,7.299,"tp_hit",0.0008744970025666686,88.4047,0.92,11,51,10747.3924,0,1257.824
"genetic_best","AjZ2pixdhvANRvPb68ouTGf4ZJJpsHbjQaXpoBPstnbw","SEED2","Seed 2.0",1771071300,0.0000734382903953617,1771073100,0.00012781112852438905,72.9898,7.299,"tp_hit",0.00012871895229846477,75.275,0.5,6,53,11341.9825,1.464,46.779
"genetic_best","9X8VSUD8yhYbHtR3KdKeCvnb7TNfgTKMFufgpCympump","right","we're curing cancer, right?",1771071300,0.00039316755407251523,1771073100,0.00033235686908950616,-16.2927,-1.6293,"sl_hit",0.00043334906648954106,10.2199,0.5,6,58,53341.8422,-19.242,42.596
"genetic_best","AZLRzTBR9YUT1hzJiyW5VZKi54KVrRDZPcgdHkv3CJFW","VALcoin","VALCOIN$$",1771072200,0.00008430385773612252,1771075200,0.00014672143289563703,72.9898,7.299,"tp_hit",0.00015466691842006922,83.4636,0.83,10,60,197668.6657,0,49.501
"genetic_best","AhU5zEZLieEpP3bhvsjmWqWJScX7pDsFs6XPc9FGbonk","LinhMai","Linh Mai",1771072800,0.0005321413271396984,1771073400,0.0004498357597653261,-16.2927,-1.6293,"sl_hit",0.0005321413271396984,0,0.17,2,73,57059.38,6.89,5.114
"genetic_best","8T4yRnnZAaAnFZsLFqx4Dw9HGCUbdx9KmcsRy2Jspump","goon","gooncoin",1771073100,0.00003673033672867225,1771081200,0.00006392504186983253,72.9898,7.299,"tp_hit",0.0000733100454288157,99.5899,2.25,27,55,27965.7383,8.926,12.698
"genetic_best","BzyKa1FGjs2EUpu3GGDibY4xdygn5evAiRboKmETpump","TRENCH","Trenches Game",1771073100,0.00022823671049739861,1771087800,0.0003251367875206036,41.4857,4.1486,"expired",0.00037554448347719167,64.5417,4.08,49,55,36664.7113,-5.301,6.998
"genetic_best","G8fSP7xigLVxA5qyFiTQg7cs6jPsqYDWwqzJVJ6ppump","Maman","ママン",1771074300,0.00002920080040232017,1771074600,0.000024684352755193863,-16.2927,-1.6293,"sl_hit",0.00002946296678040729,0.8978,0.08,1,55,46232.7478,14.953,34.569
"genetic_best","6RLKHhdsTwWqz7kRkdigL4488sNYJAYJR3589zjLpump","3301","1231507051321",1771074900,0.000023035107915712298,1771086000,0.000040090028274599185,72.9898,7.299,"tp_hit",0.00004169370409805627,81.0007,3.08,37,55,36436.5345,1.834,14.296
"genetic_best","8ucgWfoG9UDTZttgzKP99f4pLtZyczDan2GDHiG7pump","Cat","Catcoin",1771077000,0.00011699689671060788,1771077600,0.00009890114756711114,-16.2927,-1.6293,"sl_hit",0.00011699689671060788,0,0.17,2,67,21017.75,-22.85,9.395
"genetic_best","GPTfQizjVNQfjKiPzqXswetu5QXoFdTrtEahfWtEpump","underclass","escape the permanent underclass",1771077600,0.00018933892051704542,1771079400,0.0001600541300216897,-16.2927,-1.6293,"sl_hit",0.0001908715426628548,0.8095,0.5,6,62,30997.27,28.52,9.545
"genetic_best","BCG4MBb279NJnJh9iFGooKbKzihymv7gVuEUtcdzpump","PERPZ","Perpz",1771077900,0.00019959719403903295,1771080900,0.00016872577048315752,-16.2927,-1.6293,"sl_hit",0.00019959719403903295,0,0.83,10,55,30400.77,-6.782,17.139
"genetic_best","51V5RwSnBM85279gki8eTobibWXztzWT3rzed1acpump","VALJUICE","Valentine Juice",1771078500,0.00032745612256829856,1771079100,0.0005699007471764113,72.9898,7.299,"tp_hit",0.0007978970884167048,143.6653,0.17,2,46,4757.4555,2.583,758.698
"genetic_best","AhU5zEZLieEpP3bhvsjmWqWJScX7pDsFs6XPc9FGbonk","LinhMai","Linh Mai",1771078800,0.000378966461127331,1771093500,0.00046022570321359557,20.5245,2.0524,"expired",0.0005382123197991102,42.0211,4.08,49,73,57059.38,6.89,5.114
"genetic_best","Dza3Bey5tvyYiPgcGRKoXKU6rNrdoNrWNVmjqePcpump","UNSYS","Uncertain Systems",1771079700,0.00010571948935015775,1771083000,0.00008936800129666672,-16.2927,-1.6293,"sl_hit",0.0001276291441366372,20.7243,0.92,11,61,111440.0521,21.81,25.973
"genetic_best","Dt7rNPRfpmf4P8QvWQgyh5S7pnp4nQWYUmUwrarwpump","BabyPippin","BabyPippin",1771080000,0.00014459080633343394,1771084800,0.00012222714513020043,-16.2927,-1.6293,"sl_hit",0.00020279800170234426,40.2565,1.33,16,57,40540.5451,11.511,18.339
"genetic_best","7Uhq9sPuWRGVFHB4tQztEcqh6tbLJu2GqXaeQJS8pump","Lumo","The Vibe of Code",1771080600,0.00012177853957181186,1771081200,0.00010294322030173163,-16.2927,-1.6293,"sl_hit",0.00012994711994692083,6.7077,0.17,2,51,13179.5312,32.814,66.912
"genetic_best","CmbDK6GqR5iyEffWDy7ghBK6oySn44P4k4onQkjtLBqd","SpaceX","SpaceX",1771080600,0.006976481217103577,1771095300,0.00676479655876537,-3.8911,-0.3891,"expired",0.007435388749425711,6.5779,4.08,49,59,161938.278,1.888,3.869
"genetic_best","DjXYs7rtZAYj6YBTmniXrdLKNA2wdopRojckFmuLpump","PW","Psych Ward",1771080600,0.00017724612690321013,1771081200,0.00014983171216851511,-16.2927,-1.6293,"sl_hit",0.00018996721825904208,7.1771,0.17,2,52,14417.338,21.743,72.667
"genetic_best","9X8VSUD8yhYbHtR3KdKeCvnb7TNfgTKMFufgpCympump","right","we're curing cancer, right?",1771080600,0.0005338434811937384,1771082100,0.0004512746439922895,-16.2927,-1.6293,"sl_hit",0.0005658040659617284,5.9869,0.42,5,58,53341.8422,-19.242,42.596
"genetic_best","AjZ2pixdhvANRvPb68ouTGf4ZJJpsHbjQaXpoBPstnbw","SEED2","Seed 2.0",1771080900,0.00014699665629562824,1771081200,0.00012426088558678582,-16.2927,-1.6293,"sl_hit",0.00014911573015857874,1.4416,0.08,1,53,11341.9825,1.464,46.779
"genetic_best","GxVDTgM2BsAK7nRTP3krtDjbSYL2jRAEnqM4oUCApump","CT","Crypto Twitter",1771081200,0.0033823800930198097,1771087500,0.0028592320148050636,-16.2927,-1.6293,"sl_hit",0.004648890368825935,37.4444,1.75,21,44,3447.6932,0,268.704
"genetic_best","G8fSP7xigLVxA5qyFiTQg7cs6jPsqYDWwqzJVJ6ppump","Maman","ママン",1771082100,0.00006943165066430541,1771085100,0.00005869275272457696,-16.2927,-1.6293,"sl_hit",0.00009047446438910246,30.3072,0.83,10,55,46232.7478,14.953,34.569
"genetic_best","4X5Yg8xwwyLkuxjkaRzsiXUVnE6bAvkqn1ePgdbWpump","onlineWar","SEAblings vs SOKOR",1771082100,0.000029650788329932514,1771096800,0.00004128944474942534,38.2902,3.829,"expired",0.00004484122579730291,51.2311,4.08,42,56,13603.65,-4.63,5.645
"genetic_best","8ucgWfoG9UDTZttgzKP99f4pLtZyczDan2GDHiG7pump","Cat","Catcoin",1771083600,0.00010473082497416694,1771086300,0.00008853225228029687,-16.2927,-1.6293,"sl_hit",0.00010473082497416694,0,0.75,9,67,21017.75,-22.85,9.395
"genetic_best","BeFtLwLtS9Rva12KrHKRMY1H5WoeM1Y2ULMnNJKopump","BINDER","BINDER",1771084800,0.007332960013433113,1771099500,0.008678877620494867,17.4442,1.7444,"expired",0.009509835589883865,29.6862,4.08,49,62,178690.4236,-2.272,3.478
"genetic_best","7Uhq9sPuWRGVFHB4tQztEcqh6tbLJu2GqXaeQJS8pump","Lumo","The Vibe of Code",1771085400,0.0002012235768533165,1771086300,0.00017010060290383218,-16.2927,-1.6293,"sl_hit",0.00022532906636960864,11.9795,0.25,3,51,13179.5312,32.814,66.912
"genetic_best","GPTfQizjVNQfjKiPzqXswetu5QXoFdTrtEahfWtEpump","underclass","escape the permanent underclass",1771086000,0.0002456861308896736,1771092900,0.00020768619484339777,-16.2927,-1.6293,"sl_hit",0.00029396697288449405,19.6514,1.92,23,62,30997.27,28.52,9.545
"genetic_best","9FYZMBAAQZxjSiYvPnWrgrNeC65YZEhq8xjcozwTpump","peppen","Peppen",1771086600,0.000011421090773404672,1771087200,0.000009654606367481985,-16.2927,-1.6293,"sl_hit",0.000012917789716887041,13.1047,0.17,2,63,6721.88,9.19,12.468
"genetic_best","Dza3Bey5tvyYiPgcGRKoXKU6rNrdoNrWNVmjqePcpump","UNSYS","Uncertain Systems",1771087200,0.00022425966371416092,1771087800,0.00018957372988452924,-16.2927,-1.6293,"sl_hit",0.00023045845250380058,2.7641,0.17,2,61,111440.0521,21.81,25.973
"genetic_best","3g3YFfUZLspiKpVmv9mDkaDcKh168CLArcqShR64pump","hopecoin","hopecoin",1771087800,0.00010472352417592317,1771102500,0.00016443171584390521,56.0085,5.6009,"expired",0.000183224574750425,74.9603,4.08,49,47,21873.0796,-1.652,13.93
"genetic_best","Dno6qcgAPnJBQ6sZAETyrAhquRBU2QuHVuSYiMNHpump","Cloud","Pippin's Dream",1771088100,0.0000024959371549665815,1771103100,0.000002928029630232449,16.4043,1.6404,"expired",0.0000038753571503720185,55.2666,4.17,15,42,4408.83,3.36,1.129
"genetic_best","AjZ2pixdhvANRvPb68ouTGf4ZJJpsHbjQaXpoBPstnbw","SEED2","Seed 2.0",1771088400,0.00008584667659895779,1771090200,0.00007256888916857731,-16.2927,-1.6293,"sl_hit",0.000093737961033138,9.1923,0.5,6,53,11341.9825,1.464,46.779
"genetic_best","HLjJfurpvM4oZeE5ZKUM9RJnqk3CBzJYgKmra3aZGbQk","$SPDB","speedbeast @",1771088700,0.00007782326648926768,1771093500,0.00010094004707403104,28.7658,2.8766,"end_of_data",0.00010287627785578482,32.1922,1.33,16,60,106298.3547,0,74.207
"genetic_best","9y4nMHKQCMgjHE1UU1pbhykRXG5Xp75Y6B4MxdZapump","MELON","MELON MUSK",1771088700,0.000029941083600428213,1771089000,0.000025310137368939933,-16.2927,-1.6293,"sl_hit",0.000030131995744147543,0.6376,0.08,1,52,23853.8692,-15.095,95.839
"genetic_best","Dt7rNPRfpmf4P8QvWQgyh5S7pnp4nQWYUmUwrarwpump","BabyPippin","BabyPippin",1771089000,0.0001947669372768376,1771089600,0.0001646426028927679,-16.2927,-1.6293,"sl_hit",0.0001947669372768376,0,0.17,2,57,40540.5451,11.511,18.339
"genetic_best","DjXYs7rtZAYj6YBTmniXrdLKNA2wdopRojckFmuLpump","PW","Psych Ward",1771089300,0.00004912123515962827,1771094400,0.00004152372125918691,-16.2927,-1.6293,"sl_hit",0.0000638883263120089,30.0625,1.42,17,52,14417.338,21.743,72.667
"genetic_best","8T4yRnnZAaAnFZsLFqx4Dw9HGCUbdx9KmcsRy2Jspump","goon","gooncoin",1771089300,0.00007425516943414023,1771090200,0.00006277022447861973,-16.2927,-1.6293,"sl_hit",0.00007557529900337453,1.7778,0.25,3,55,27965.7383,8.926,12.698
"genetic_best","EMjcuzBM88HS44eedo3G9ojzy4D8ixbNA8vKUFpjpump","Life","The art of living",1771090200,0.00002866108347644683,1771090500,0.000024228113104134578,-16.2927,-1.6293,"sl_hit",0.000028680263084939664,0.0669,0.08,1,52,10598.863,-15.036,60.013
"genetic_best","51V5RwSnBM85279gki8eTobibWXztzWT3rzed1acpump","VALJUICE","Valentine Juice",1771090200,0.000005024388336942876,1771091400,0.0000042472731014018855,-16.2927,-1.6293,"sl_hit",0.000005239213597795396,4.2757,0.33,4,46,4757.4555,2.583,758.698
"genetic_best","2xbybpkzYDFEjwGMhk36HVBBqTsaMo8ad49tbyqBpump","Bitboy","The Bitboy",1771090500,0.000004297271133775942,1771098000,0.000003632618116262626,-16.2927,-1.6293,"sl_hit",0.0000052023855359025976,21.0625,2.08,18,45,4278.3443,0.807,65.233
"genetic_best","9X8VSUD8yhYbHtR3KdKeCvnb7TNfgTKMFufgpCympump","right","we're curing cancer, right?",1771090800,0.00036090775333459397,1771091100,0.00030508664737449314,-16.2927,-1.6293,"sl_hit",0.000368879417731743,2.2088,0.08,1,58,53341.8422,-19.242,42.596
"genetic_best","BCG4MBb279NJnJh9iFGooKbKzihymv7gVuEUtcdzpump","PERPZ","Perpz",1771091100,0.0001509745731205082,1771093200,0.00012762354348599725,-16.2927,-1.6293,"sl_hit",0.00015921529476765946,5.4584,0.58,7,55,30400.77,-6.782,17.139
"genetic_best","G8fSP7xigLVxA5qyFiTQg7cs6jPsqYDWwqzJVJ6ppump","Maman","ママン",1771091700,0.0001584297436043573,1771094100,0.0002757292444158182,72.9898,7.299,"tp_hit",0.00041956908234760633,164.8297,0.67,8,55,46232.7478,14.953,34.569
"genetic_best","9FYZMBAAQZxjSiYvPnWrgrNeC65YZEhq8xjcozwTpump","peppen","Peppen",1771092000,0.000010106029347468597,1771092900,0.000008542943684085982,-16.2927,-1.6293,"sl_hit",0.000010106029347468597,0,0.25,3,63,6721.88,9.19,12.468
"genetic_best","8ucgWfoG9UDTZttgzKP99f4pLtZyczDan2GDHiG7pump","Cat","Catcoin",1771092900,0.00009728176211203122,1771094100,0.00008223532572858626,-16.2927,-1.6293,"sl_hit",0.00010063823442064904,3.4503,0.33,4,67,21017.75,-22.85,9.395
"genetic_best","6QYugssLipYhJb3MPfEyp2pL1pz9WkkrwpZYdTytpump","elun","elun",1771093500,0.000013447016240340117,1771093800,0.00001136718472809404,-16.2927,-1.6293,"sl_hit",0.000014064554946165614,4.5924,0.08,1,49,5461.5778,12.939,103.414
"genetic_best","9y4nMHKQCMgjHE1UU1pbhykRXG5Xp75Y6B4MxdZapump","MELON","MELON MUSK",1771093500,0.00019242185993428407,1771093800,0.00016266023543830578,-16.2927,-1.6293,"sl_hit",0.00021455326143810023,11.5015,0.08,1,52,23853.8692,-15.095,95.839
"genetic_best","BdPTPpPdvpqruo7VbPUTepp5FkAAWZrZB3k3AkqrtTtV","Golden","DOME",1771093500,0.00648902122975017,1771107000,0.0074106809415672185,13.3036,1.3304,"end_of_data",0.007451608903469525,14.8341,3.75,14,47,15352.821,0,2630.141
"genetic_best","6RLKHhdsTwWqz7kRkdigL4488sNYJAYJR3589zjLpump","3301","1231507051321",1771093800,0.0000675105472559793,1771101900,0.0001174945547565577,72.9898,7.299,"tp_hit",0.0001534733866921313,127.3325,2.25,27,55,36436.5345,1.834,14.296
"genetic_best","4CvZxTW67K8Eue5DSoe2NuCmKhYJCaAaWNcroVixkbyF","Horse","Horse",1771095000,0.000007976744385510944,1771095300,0.000006742992299427496,-16.2927,-1.6293,"sl_hit",0.000007976744385510944,0,0.08,1,73,7265.03,30.47,21.773
"genetic_best","3JTkW6tehQBvRLXhU7FVsrfQzfqgLfj6yqo2NBzSJH62","CION","USRX",1771095000,0.011908352715757572,1771107300,0.02036728604059731,69.9921,6.9992,"end_of_data",0.020479771183824463,71.9782,3.42,22,47,17839.2573,0,2312.291
"genetic_best","Dza3Bey5tvyYiPgcGRKoXKU6rNrdoNrWNVmjqePcpump","UNSYS","Uncertain Systems",1771095000,0.0004668918498840311,1771095900,0.0003946783294387616,-16.2927,-1.6293,"sl_hit",0.0005043943543115166,8.0324,0.25,3,61,111440.0521,21.81,25.973
"genetic_best","7Uhq9sPuWRGVFHB4tQztEcqh6tbLJu2GqXaeQJS8pump","Lumo","The Vibe of Code",1771095900,0.00016299397382023797,1771096800,0.00013778392000617578,-16.2927,-1.6293,"sl_hit",0.0001673771106181718,2.6891,0.25,3,51,13179.5312,32.814,66.912
"genetic_best","EMjcuzBM88HS44eedo3G9ojzy4D8ixbNA8vKUFpjpump","Life","The art of living",1771096200,0.000026630918292634967,1771097100,0.00002251195077782577,-16.2927,-1.6293,"sl_hit",0.000027461382433281973,3.1184,0.25,3,52,10598.863,-15.036,60.013
"genetic_best","C7V47ci5u2Ak3VYb62a1obLTY74BLFxLB7d2NLKRpump","AI","Artificial Intelligence",1771096500,0.00008488718797664785,1771097100,0.0001477366539192007,72.9898,7.299,"tp_hit",0.00014936015579468896,75.9514,0.17,2,53,34080.09,3.11,6.27
"genetic_best","9X8VSUD8yhYbHtR3KdKeCvnb7TNfgTKMFufgpCympump","right","we're curing cancer, right?",1771096800,0.0004269574203298939,1771105800,0.00036092050319392217,-16.2927,-1.6293,"sl_hit",0.0006068711398967104,42.1386,2.5,30,58,53341.8422,-19.242,42.596
"genetic_best","3LfFLXMUtCfx6Ztu81U6ByXtWurweYuRHQVBv76a154G","USRX","United States RX USA",1771097400,0.0001292688678633991,1771098900,0.00013474074665063618,3.358,0.3358,"end_of_data",0.00013993775508671554,8.2533,0.42,5,60,175052.9596,0,158.366
"genetic_best","9FYZMBAAQZxjSiYvPnWrgrNeC65YZEhq8xjcozwTpump","peppen","Peppen",1771097700,0.000005827111507746079,1771098900,0.000004925840183121317,-16.2927,-1.6293,"sl_hit",0.000005827111507746079,0,0.33,4,63,6721.88,9.19,12.468
"genetic_best","8T4yRnnZAaAnFZsLFqx4Dw9HGCUbdx9KmcsRy2Jspump","goon","gooncoin",1771097700,0.00007061712066028644,1771103700,0.00012290119821885468,72.9898,7.299,"tp_hit",0.00012525520870545912,77.3723,1.67,20,55,27965.7383,8.926,12.698
"genetic_best","DwdfLk3bLKRSK4LZHhtmkdUoN2KNvXskeFZni1T2XKbn","VALENTINE","Valentine's Day",1771098600,0.00005455194709555091,1771101000,0.00009494156092072504,72.9898,7.299,"tp_hit",0.00009720149179324262,78.1815,0.67,8,60,106738.9757,0,46.096
"genetic_best","HrBz9wKSCtXBAUs1mPYW16vPBm9pwRMkgV1DYNvKn687","CLAW","OpenClaw AI",1771098600,0.00005294383951983998,1771103400,0.00009214282959223521,72.9898,7.299,"tp_hit",0.00009632269882367227,81.9337,1.33,16,57,85830.5601,0,140.08
"genetic_best","9y4nMHKQCMgjHE1UU1pbhykRXG5Xp75Y6B4MxdZapump","MELON","MELON MUSK",1771098900,0.00025878012201109904,1771099200,0.0002187549563623101,-16.2927,-1.6293,"sl_hit",0.000305396726240158,18.014,0.08,1,52,23853.8692,-15.095,95.839
"genetic_best","8ucgWfoG9UDTZttgzKP99f4pLtZyczDan2GDHiG7pump","Cat","Catcoin",1771098900,0.00008297286520706114,1771100400,0.00007013956623317465,-16.2927,-1.6293,"sl_hit",0.00008401741240537785,1.2589,0.42,5,67,21017.75,-22.85,9.395
"genetic_best","CmbDK6GqR5iyEffWDy7ghBK6oySn44P4k4onQkjtLBqd","SpaceX","SpaceX",1771099500,0.006822514333757485,1771114200,0.006764853719419188,-1.7074,-0.1707,"expired",0.0070894507961714774,3.9126,4.08,49,59,161938.278,1.888,3.869
"genetic_best","A2vBPv4upPFVzA2QXHduXBUVv4woHGmfhvx99GWjHZuK","Elon","i hope Elon sees my drawing",1771099800,0.000011005595197631004,1771100100,0.000009303374921106814,-16.2927,-1.6293,"sl_hit",0.000011005595197631004,0,0.08,1,55,5632.87,0,73.449
"genetic_best","AjZ2pixdhvANRvPb68ouTGf4ZJJpsHbjQaXpoBPstnbw","SEED2","Seed 2.0",1771099800,0.00006199190967628418,1771102200,0.00005240370624552911,-16.2927,-1.6293,"sl_hit",0.00006199190967628418,0,0.67,7,53,11341.9825,1.464,46.779
"genetic_best","GPTfQizjVNQfjKiPzqXswetu5QXoFdTrtEahfWtEpump","underclass","escape the permanent underclass",1771099800,0.00017098973868113414,1771102800,0.0001445429909102138,-16.2927,-1.6293,"sl_hit",0.00017899626473371738,4.6825,0.83,9,62,30997.27,28.52,9.545
"genetic_best","DjXYs7rtZAYj6YBTmniXrdLKNA2wdopRojckFmuLpump","PW","Psych Ward",1771100100,0.00003464042883736214,1771100400,0.00002928264133967699,-16.2927,-1.6293,"sl_hit",0.00003464042883736214,0,0.08,1,52,14417.338,21.743,72.667
"genetic_best","Dt7rNPRfpmf4P8QvWQgyh5S7pnp4nQWYUmUwrarwpump","BabyPippin","BabyPippin",1771100100,0.00022761930777164612,1771109100,0.00019241374241515382,-16.2927,-1.6293,"sl_hit",0.0003019433450510529,32.6528,2.5,30,57,40540.5451,11.511,18.339
"genetic_best","4CvZxTW67K8Eue5DSoe2NuCmKhYJCaAaWNcroVixkbyF","Horse","Horse",1771100700,0.000005461300831893003,1771101600,0.000004616608941512757,-16.2927,-1.6293,"sl_hit",0.000005461300831893003,0,0.25,3,73,7265.03,30.47,21.773
"genetic_best","D5Ad8kKr7Sx2ZTCnquRSsakFc4VBvs41kBRKq13qpump","HERO","The American Hero",1771100700,0.00012856652281436736,1771101600,0.00010868131550963804,-16.2927,-1.6293,"sl_hit",0.00012856652281436736,0,0.25,3,55,32074.6749,10.882,47.916
"genetic_best","4X5Yg8xwwyLkuxjkaRzsiXUVnE6bAvkqn1ePgdbWpump","onlineWar","SEAblings vs SOKOR",1771100700,0.00005628408493290895,1771104900,0.000047578702906952706,-16.2927,-1.6293,"sl_hit",0.00006416002641341412,13.9932,1.17,14,56,13603.65,-4.63,5.645
"genetic_best","A2KMkhMzxodtbnfcU4CwN9Cq3nnYLZZifbku6zpbEeZ6","USRX","United States RX",1771101000,0.0004503490067111072,1771102200,0.0007837820633855563,72.9898,7.299,"tp_hit",0.000817724434685563,81.5757,0.33,4,51,12712.086,0,1607.688
"genetic_best","6QYugssLipYhJb3MPfEyp2pL1pz9WkkrwpZYdTytpump","elun","elun",1771101000,0.00001472768448256471,1771103100,0.00001244977377421259,-16.2927,-1.6293,"sl_hit",0.00001759310421250452,19.456,0.58,7,49,5461.5778,12.939,103.414
"genetic_best","ErWyqDKHvKDSbgfWwHgcdm1uz8bi6e22S6tv9yHTXuhk","GLP","GoldPatriotsUSA",1771101900,0.00025626740825099173,1771103100,0.00021663088058449718,-16.2927,-1.6293,"sl_hit",0.0004039526461770328,57.6293,0.33,4,54,44642.4952,0,283.424
"genetic_best","G8fSP7xigLVxA5qyFiTQg7cs6jPsqYDWwqzJVJ6ppump","Maman","ママン",1771101900,0.00018735696244950308,1771105500,0.00015837871868326184,-16.2927,-1.6293,"sl_hit",0.0002555357051761663,36.3898,1,12,55,46232.7478,14.953,34.569
"genetic_best","AhU5zEZLieEpP3bhvsjmWqWJScX7pDsFs6XPc9FGbonk","LinhMai","Linh Mai",1771101900,0.00041468169974273275,1771105500,0.0003505434514308614,-16.2927,-1.6293,"sl_hit",0.00041675089095266437,0.499,1,12,73,57059.38,6.89,5.114
"genetic_best","367nFQiNemxPddfQmKmGSyRQwumbGaxmNefVkvUEpump","Sue","Wheelchair Fish",1771102500,0.00014323880278723316,1771102800,0.00012108425411348563,-16.2927,-1.6293,"sl_hit",0.0001612077378727048,12.5447,0.08,1,55,28299.0521,5.418,45.394
"genetic_best","FyHxK8RyDu6evrdE5QBUffPFqhmonyT8Z4vsN4YJcmzJ","VALENTINES","Valentine's Day",1771102800,0.00006505333005635627,1771106700,0.00011321804312178804,72.9898,7.299,"tp_hit",0.00011761466919142877,80.7973,1.08,13,60,104262.0819,0,76.739
"genetic_best","Ec64vZRywN6cz9Tw3tgVMPnoAQJvFD5bqZ23oTfrpump","AGI","Agentripe",1771103100,0.00012471718142833142,1771106700,0.00010542734646293586,-16.2927,-1.6293,"sl_hit",0.0001488054205251539,19.3143,1,12,52,19931.0243,-3.185,26.059
"genetic_best","EMjcuzBM88HS44eedo3G9ojzy4D8ixbNA8vKUFpjpump","Life","The art of living",1771103100,0.000011492670322720548,1771103400,0.000009715114806327056,-16.2927,-1.6293,"sl_hit",0.000011492670322720548,0,0.08,1,52,10598.863,-15.036,60.013
"genetic_best","BzyKa1FGjs2EUpu3GGDibY4xdygn5evAiRboKmETpump","TRENCH","Trenches Game",1771103100,0.0002722732902518041,1771117800,0.0002679234033776827,-2.458,-0.2458,"expired",0.00039535464298036806,45.2051,4.08,49,55,36664.7113,-5.301,6.998
"genetic_best","2wP76beSJ8NB8bgFEkZkQCGtWErxqkxTYEGjx9jYpump","BOOTSTRAP","Bootstrap",1771103400,0.00011371614558212081,1771118100,0.00015042831719153736,31.3392,3.1339,"expired",0.0001635143106709371,43.7916,4.08,47,58,63356.4231,-19.122,10.815
"genetic_best","7Uhq9sPuWRGVFHB4tQztEcqh6tbLJu2GqXaeQJS8pump","Lumo","The Vibe of Code",1771103400,0.0000729509593753541,1771103700,0.00006166773479633722,-16.2927,-1.6293,"sl_hit",0.0000729509593753541,0,0.08,1,51,13179.5312,32.814,66.912
"genetic_best","BeFtLwLtS9Rva12KrHKRMY1H5WoeM1Y2ULMnNJKopump","BINDER","BINDER",1771103400,0.010059910910124018,1771116900,0.008503958322032637,-16.2927,-1.6293,"sl_hit",0.010846026965480832,7.8143,3.75,45,62,178690.4236,-2.272,3.478
"genetic_best","9QL8KodXyAK2njuUF15x6cKSNraSGWnhgUeFUS2gUEbR","VALENTINE","Valentine's Day",1771103700,0.00011164254392342823,1771106400,0.0001943013576891254,72.9898,7.299,"tp_hit",0.0002060709280647403,84.581,0.75,9,63,245094.1333,0,49.694
"genetic_best","BCG4MBb279NJnJh9iFGooKbKzihymv7gVuEUtcdzpump","PERPZ","Perpz",1771104000,0.00012790869525183238,1771104900,0.00010812523323168745,-16.2927,-1.6293,"sl_hit",0.00012790869525183238,0,0.25,2,55,30400.77,-6.782,17.139
"genetic_best","DjXYs7rtZAYj6YBTmniXrdLKNA2wdopRojckFmuLpump","PW","Psych Ward",1771104300,0.00002410432121073808,1771106100,0.000020376138992514888,-16.2927,-1.6293,"sl_hit",0.000024663062867703364,2.318,0.5,6,52,14417.338,21.743,72.667
"genetic_best","8ucgWfoG9UDTZttgzKP99f4pLtZyczDan2GDHiG7pump","Cat","Catcoin",1771104900,0.00006993182495513193,1771105800,0.000059115565745581,-16.2927,-1.6293,"sl_hit",0.0000714928722742622,2.2322,0.25,3,67,21017.75,-22.85,9.395
"genetic_best","BgrDq6Us2WRTJ29ku19Fb1QEgbHTKo976npsUSTEpump","Melon","Melon Musk",1771105500,0.00014723937892608963,1771105800,0.00012446606664173737,-16.2927,-1.6293,"sl_hit",0.0001481192560138519,0.5976,0.08,1,55,41153.6296,-21.426,37.065
"genetic_best","6RLKHhdsTwWqz7kRkdigL4488sNYJAYJR3589zjLpump","3301","1231507051321",1771105800,0.00013493872084240075,1771108200,0.00011406793443044779,-16.2927,-1.6293,"sl_hit",0.0002072452532628738,53.5847,0.67,8,55,36436.5345,1.834,14.296
"genetic_best","Dza3Bey5tvyYiPgcGRKoXKU6rNrdoNrWNVmjqePcpump","UNSYS","Uncertain Systems",1771105800,0.0014086504751537393,1771106700,0.0011907764430561137,-16.2927,-1.6293,"sl_hit",0.0014920679788661194,5.9218,0.25,3,61,111440.0521,21.81,25.973
"genetic_best","3kGea48WppNwgd8HkQ95BHFW5uSAVeJnPd19gruHpump","VALENTAURA","Valentine Aura",1771106400,0.0012766165173297604,1771106700,0.0010791639959420777,-16.2927,-1.6293,"sl_hit",0.001278805255433644,0.1714,0.08,1,49,5539.3228,2.213,657.458
"genetic_best","9FYZMBAAQZxjSiYvPnWrgrNeC65YZEhq8xjcozwTpump","peppen","Peppen",1771106400,0.000004574158909228255,1771112700,0.000003866680040206421,-16.2927,-1.6293,"sl_hit",0.000005170220530466213,13.0311,1.75,15,63,6721.88,9.19,12.468
"genetic_best","n61wiAe6XPMyyxRWTZYaYbQGcHLRVyuLPeopMztpump","Whalepin","The Whalepin",1771106700,0.000016622809285929355,1771108500,0.000028930139885371182,72.9898,7.299,"tp_hit",0.000029372318812670592,76.6989,0.5,6,51,11312.7093,36.418,12.655
"genetic_best","C7V47ci5u2Ak3VYb62a1obLTY74BLFxLB7d2NLKRpump","AI","Artificial Intelligence",1771107300,0.00011406189543751834,1771122000,0.0001417641596041995,23.3621,2.3362,"expired",0.00016772433812289745,47.0468,4.08,25,53,34080.09,3.11,6.27
"genetic_best","8T4yRnnZAaAnFZsLFqx4Dw9HGCUbdx9KmcsRy2Jspump","goon","gooncoin",1771107900,0.00014223939389723948,1771109400,0.00012023942242232006,-16.2927,-1.6293,"sl_hit",0.000157280404192562,10.5744,0.42,5,55,27965.7383,8.926,12.698
"genetic_best","367nFQiNemxPddfQmKmGSyRQwumbGaxmNefVkvUEpump","Sue","Wheelchair Fish",1771108800,0.0001506685113513668,1771109100,0.000127364819869854,-16.2927,-1.6293,"sl_hit",0.00015516404149198705,2.9837,0.08,1,55,28299.0521,5.418,45.394
"genetic_best","7Uhq9sPuWRGVFHB4tQztEcqh6tbLJu2GqXaeQJS8pump","Lumo","The Vibe of Code",1771108800,0.000035929296597135525,1771109100,0.000030372161695239395,-16.2927,-1.6293,"sl_hit",0.000035929296597135525,0,0.08,1,51,13179.5312,32.814,66.912
"genetic_best","51V5RwSnBM85279gki8eTobibWXztzWT3rzed1acpump","VALJUICE","Valentine Juice",1771110000,0.0000034556154998766223,1771115700,0.0000029211402019820177,-16.2927,-1.6293,"sl_hit",0.0000034556154998766223,0,1.58,11,46,4757.4555,2.583,758.698
"genetic_best","GPTfQizjVNQfjKiPzqXswetu5QXoFdTrtEahfWtEpump","underclass","escape the permanent underclass",1771110000,0.00014325898058452932,1771114200,0.00012110131103861848,-16.2927,-1.6293,"sl_hit",0.00016626814069966369,16.0612,1.17,14,62,30997.27,28.52,9.545
"genetic_best","HhgVTSAt631SfQMUoEUqvCZT9tSMPoAjagpRsGMFecfG","USRX","United States RX USA",1771110600,0.00009290185136991571,1771123200,0.00014582759392444515,55.9631,5.5963,"end_of_data",0.00014991915688524916,61.3737,3.5,42,63,203313.5655,0,171.929
"genetic_best","3g3YFfUZLspiKpVmv9mDkaDcKh168CLArcqShR64pump","hopecoin","hopecoin",1771110900,0.00009621516691485605,1771115100,0.00008133369934398978,-16.2927,-1.6293,"sl_hit",0.00010914571174501968,13.4392,1.17,14,47,21873.0796,-1.652,13.93
"genetic_best","DjXYs7rtZAYj6YBTmniXrdLKNA2wdopRojckFmuLpump","PW","Psych Ward",1771111800,0.00001751779830855599,1771113900,0.00001480834453114431,-16.2927,-1.6293,"sl_hit",0.000017684056846236213,0.9491,0.58,7,52,14417.338,21.743,72.667
"genetic_best","Ec64vZRywN6cz9Tw3tgVMPnoAQJvFD5bqZ23oTfrpump","AGI","Agentripe",1771112100,0.0001226094750118188,1771112400,0.00010364563609976894,-16.2927,-1.6293,"sl_hit",0.0001262434306312772,2.9638,0.08,1,52,19931.0243,-3.185,26.059
"genetic_best","D5Ad8kKr7Sx2ZTCnquRSsakFc4VBvs41kBRKq13qpump","HERO","The American Hero",1771112100,0.0001134398163921224,1771117200,0.00009589423597050037,-16.2927,-1.6293,"sl_hit",0.000136325315702079,20.1741,1.42,17,55,32074.6749,10.882,47.916
"genetic_best","9y4nMHKQCMgjHE1UU1pbhykRXG5Xp75Y6B4MxdZapump","MELON","MELON MUSK",1771112100,0.0001023600215996221,1771114800,0.00008652813780383824,-16.2927,-1.6293,"sl_hit",0.00017684261972799825,72.7653,0.75,9,52,23853.8692,-15.095,95.839
"genetic_best","4X5Yg8xwwyLkuxjkaRzsiXUVnE6bAvkqn1ePgdbWpump","onlineWar","SEAblings vs SOKOR",1771112400,0.000045917572514808654,1771119300,0.00003881556471060541,-16.2927,-1.6293,"sl_hit",0.000051259761401643596,11.6343,1.92,20,56,13603.65,-4.63,5.645
"genetic_best","6QYugssLipYhJb3MPfEyp2pL1pz9WkkrwpZYdTytpump","elun","elun",1771112700,0.000012777763761679733,1771113600,0.000010801444610085902,-16.2927,-1.6293,"sl_hit",0.000012777763761679733,0,0.25,3,49,5461.5778,12.939,103.414
"genetic_best","7Uhq9sPuWRGVFHB4tQztEcqh6tbLJu2GqXaeQJS8pump","Lumo","The Vibe of Code",1771113000,0.000048817372673733104,1771114200,0.000041266856766174236,-16.2927,-1.6293,"sl_hit",0.00004934461252307488,1.08,0.33,4,51,13179.5312,32.814,66.912
"genetic_best","AjZ2pixdhvANRvPb68ouTGf4ZJJpsHbjQaXpoBPstnbw","SEED2","Seed 2.0",1771113000,0.00002432233949919002,1771114500,0.00002056043669206711,-16.2927,-1.6293,"sl_hit",0.000025235509224997694,3.7544,0.42,5,53,11341.9825,1.464,46.779
"genetic_best","Dza3Bey5tvyYiPgcGRKoXKU6rNrdoNrWNVmjqePcpump","UNSYS","Uncertain Systems",1771113300,0.0009411931443180878,1771121700,0.0016380413717026112,72.9898,7.299,"tp_hit",0.00165304788831678,75.6332,2.33,28,61,111440.0521,21.81,25.973
"genetic_best","9X8VSUD8yhYbHtR3KdKeCvnb7TNfgTKMFufgpCympump","right","we're curing cancer, right?",1771113300,0.00028831259156441056,1771118700,0.0005017758106466753,72.9898,7.299,"tp_hit",0.0005328020443576496,84.8001,1.5,18,58,53341.8422,-19.242,42.596
"genetic_best","6RLKHhdsTwWqz7kRkdigL4488sNYJAYJR3589zjLpump","3301","1231507051321",1771113600,0.0001489143620182125,1771114800,0.00012588198240210335,-16.2927,-1.6293,"sl_hit",0.00015736765652393342,5.6766,0.33,4,55,36436.5345,1.834,14.296
"genetic_best","Aky34UtF4mvmACgYyhhiYLZAvSSwSJtx5wi49d9JXjGK","SAMMY","Sammy Jankis",1771113900,0.00017155937379197554,1771117200,0.00014502452134170966,-16.2927,-1.6293,"sl_hit",0.0001741099908852433,1.4867,0.92,11,55,31266.4681,5.102,47.631
"genetic_best","EMjcuzBM88HS44eedo3G9ojzy4D8ixbNA8vKUFpjpump","Life","The art of living",1771113900,0.000012883772864978677,1771114500,0.000010891057431140115,-16.2927,-1.6293,"sl_hit",0.000012991095298630732,0.833,0.17,2,52,10598.863,-15.036,60.013
"genetic_best","5fFzyj6Mc7A2ECT7ae18YvTT7d6JoPiY8KWoqXzXpump","PUMPID","Valentinesmaxxing Romancegooner",1771114200,0.00893596583027134,1771120500,0.007553852282256289,-16.2927,-1.6293,"sl_hit",0.010428481054441585,16.7023,1.75,21,63,410237.3561,9.928,3.555
"genetic_best","n61wiAe6XPMyyxRWTZYaYbQGcHLRVyuLPeopMztpump","Whalepin","The Whalepin",1771114200,0.00001591611226902943,1771115400,0.000013454389069033017,-16.2927,-1.6293,"sl_hit",0.00001693426984632393,6.397,0.33,4,51,11312.7093,36.418,12.655
"genetic_best","8ucgWfoG9UDTZttgzKP99f4pLtZyczDan2GDHiG7pump","Cat","Catcoin",1771114500,0.00006648096489938085,1771116000,0.000056198445469720356,-16.2927,-1.6293,"sl_hit",0.00006648096489938085,0,0.42,5,67,21017.75,-22.85,9.395
"genetic_best","367nFQiNemxPddfQmKmGSyRQwumbGaxmNefVkvUEpump","Sue","Wheelchair Fish",1771114800,0.00020715861903350548,1771116900,0.00017511768027069437,-16.2927,-1.6293,"sl_hit",0.00025497765316172337,23.0833,0.58,7,55,28299.0521,5.418,45.394
"genetic_best","4CvZxTW67K8Eue5DSoe2NuCmKhYJCaAaWNcroVixkbyF","Horse","Horse",1771114800,0.0000033237023046456233,1771118100,0.0000028096298392767537,-16.2927,-1.6293,"sl_hit",0.0000033237023046456233,0,0.92,5,73,7265.03,30.47,21.773
"genetic_best","G8fSP7xigLVxA5qyFiTQg7cs6jPsqYDWwqzJVJ6ppump","Maman","ママン",1771114800,0.00017674362861860274,1771116300,0.00014940693460265282,-16.2927,-1.6293,"sl_hit",0.0002161174814463378,22.2774,0.42,5,55,46232.7478,14.953,34.569
"genetic_best","BgrDq6Us2WRTJ29ku19Fb1QEgbHTKo976npsUSTEpump","Melon","Melon Musk",1771115400,0.00019617049687520105,1771116600,0.00016582907585794692,-16.2927,-1.6293,"sl_hit",0.0002265322444825943,15.4772,0.33,4,55,41153.6296,-21.426,37.065
"genetic_best","pncNghMEMfQScn52zrFEUiYZtduwacoFT7BUTsJpump","X","X Money",1771116000,0.0000054594977424272,1771125600,0.000009501645039384608,72.9898,7.299,"tp_hit",0.000015195358727132278,178.3289,2.67,24,58,12268.63,9.29,6.933
"genetic_best","DVmRiV8kaDC2ECL77qkx6MmUhP6EKi8Fx4Rpez8s7xm5","AO","AMM ARTIFICIAL OFFSPRING AI",1771116300,0.0001932355420093238,1771131000,0.0002693985779111555,38.4519,3.8452,"expired",0.0002732195984744867,41.392,4.08,49,55,47515.6474,0,408.353
"genetic_best","D2SiEmodB33igbAGhrA5TyXjFZeKzxkmF7JT87oWZFdB","小黄鸭","杀不死我的终将使我变",1771116300,0.00017269440271650834,1771121700,0.00018600678243308014,6.825,0.6825,"end_of_data",0.00019816878244451551,14.7511,1.5,18,55,49746.5389,0,351.494
"genetic_best","A2vBPv4upPFVzA2QXHduXBUVv4woHGmfhvx99GWjHZuK","Elon","i hope Elon sees my drawing",1771116600,0.0000047956571665282186,1771131600,0.000005254713459859171,8.6841,0.8684,"expired",0.000005551527278351546,15.7616,4.17,22,55,5632.87,0,73.449
"genetic_best","C5Z1M1UF4b5Fpaow7udCCkfGvKGz3LZKPXGchJiCu5aw","USRX","United States RX",1771117200,0.0004986915190751836,1771118400,0.0008679167978366604,72.9898,7.299,"tp_hit",0.000899131714878395,80.2982,0.33,4,57,68709.6454,0,310.954
"genetic_best","9rNwkBsWafb6M2fWUjXMNfuKAUjqKanyAk9xmPWWtN6o","GLP","GoldPatriotsUSA",1771117500,0.00018208328790826552,1771118100,0.00015392071613201498,-16.2927,-1.6293,"sl_hit",0.00021582717975225402,18.5321,0.17,2,57,57272.5371,0,209.966
"genetic_best","2oLg64JwLZHwLVQCQrzgDXkDQLFpwLWnjxNhehDFfmCn","Valentines","Valentine’s Day On Sol",1771117800,0.0003718946660811248,1771119000,0.00064724106059843,72.9898,7.299,"tp_hit",0.0006537305798204849,75.7838,0.33,4,54,45802.558,0,156.797
"genetic_best","8T4yRnnZAaAnFZsLFqx4Dw9HGCUbdx9KmcsRy2Jspump","goon","gooncoin",1771118100,0.00014904397914100188,1771124400,0.00012599155182273445,-16.2927,-1.6293,"sl_hit",0.00019734774023718476,32.4091,1.75,21,55,27965.7383,8.926,12.698
"genetic_best","BCG4MBb279NJnJh9iFGooKbKzihymv7gVuEUtcdzpump","PERPZ","Perpz",1771118400,0.0000953297012118651,1771121100,0.00016591067994892815,72.9898,7.299,"tp_hit",0.0002009084600367324,110.7512,0.75,8,55,30400.77,-6.782,17.139
"genetic_best","GuMGpj1ATXZHfBQzdPiQCu464icCGt9b2FX9YqrqBAGS","CTF","Claim The Fees",1771118700,0.00007319570042861583,1771119000,0.00012738892782702044,72.9898,7.299,"tp_hit",0.00021449697809856362,193.0459,0.08,1,55,41295.4404,-15.834,25.472
"genetic_best","DjXYs7rtZAYj6YBTmniXrdLKNA2wdopRojckFmuLpump","PW","Psych Ward",1771118700,0.000015183351765548156,1771125900,0.000026424925110457792,72.9898,7.299,"tp_hit",0.000026588400689806344,75.1155,2,24,52,14417.338,21.743,72.667
"genetic_best","Dt7rNPRfpmf4P8QvWQgyh5S7pnp4nQWYUmUwrarwpump","BabyPippin","BabyPippin",1771119000,0.00016211280657355055,1771133700,0.00016932227367691613,3.5717,0.3572,"expired",0.00023040359227090467,42.1255,4.08,49,57,40540.5451,11.511,18.339
"genetic_best","Ec64vZRywN6cz9Tw3tgVMPnoAQJvFD5bqZ23oTfrpump","AGI","Agentripe",1771119300,0.00008730311157166284,1771128600,0.00007380005934665216,-16.2927,-1.6293,"sl_hit",0.0001240698804730465,42.1139,2.58,30,52,19931.0243,-3.185,26.059
"genetic_best","9FYZMBAAQZxjSiYvPnWrgrNeC65YZEhq8xjcozwTpump","peppen","Peppen",1771119300,0.000004445882744003488,1771134000,0.000005698608814786013,27.2426,2.7243,"expired",0.000006572313957851036,47.8292,4.08,23,63,6721.88,9.19,12.468
"genetic_best","Gk9SR5XDp1LT9FdCCGSfA8KKzQd9p4rHkuBu3xHkiEvX","CUPID","Brad Cupidhouse",1771120200,0.00007552974789501484,1771122900,0.00013145107632072758,72.9898,7.299,"tp_hit",0.0001357726463586393,79.7605,0.75,9,60,190792.2631,0,50.731
"genetic_best","AhU5zEZLieEpP3bhvsjmWqWJScX7pDsFs6XPc9FGbonk","LinhMai","Linh Mai",1771120500,0.00035364730136768185,1771122300,0.0002989491595301819,-16.2927,-1.6293,"sl_hit",0.00035364730136768185,0,0.5,6,73,57059.38,6.89,5.114
"genetic_best","9u1ms6Ud9bNv4VWW7uoMYCq48PBumcaz95cw2Jdipump","Painter","The Painter",1771121100,0.00007054288753079997,1771122000,0.0000596321161128815,-16.2927,-1.6293,"sl_hit",0.0000724563508921014,2.7125,0.25,3,51,10151.6361,26.887,82.404
"genetic_best","EMjcuzBM88HS44eedo3G9ojzy4D8ixbNA8vKUFpjpump","Life","The art of living",1771121400,0.000013968862017440638,1771124400,0.000011808317336388367,-16.2927,-1.6293,"sl_hit",0.000017522300170396832,25.4383,0.83,10,52,10598.863,-15.036,60.013
"genetic_best","9y4nMHKQCMgjHE1UU1pbhykRXG5Xp75Y6B4MxdZapump","MELON","MELON MUSK",1771122000,0.0002008081055941101,1771122600,0.0001697493920130143,-16.2927,-1.6293,"sl_hit",0.000230654235814485,14.863,0.17,2,52,23853.8692,-15.095,95.839
"genetic_best","367nFQiNemxPddfQmKmGSyRQwumbGaxmNefVkvUEpump","Sue","Wheelchair Fish",1771122600,0.00015724881308565173,1771122900,0.00013292735538281196,-16.2927,-1.6293,"sl_hit",0.00015724881308565173,0,0.08,1,55,28299.0521,5.418,45.394
"genetic_best","7Uhq9sPuWRGVFHB4tQztEcqh6tbLJu2GqXaeQJS8pump","Lumo","The Vibe of Code",1771122900,0.000031423704365948584,1771123800,0.000026563443219260822,-16.2927,-1.6293,"sl_hit",0.00003143524419329794,0.0367,0.25,3,51,13179.5312,32.814,66.912
"genetic_best","G8fSP7xigLVxA5qyFiTQg7cs6jPsqYDWwqzJVJ6ppump","Maman","ママン",1771122900,0.00013884381880439946,1771136100,0.00024164213347682855,72.9898,7.299,"tp_hit",0.0002528767894375168,82.1304,3.67,44,55,46232.7478,14.953,34.569
"genetic_best","3kGea48WppNwgd8HkQ95BHFW5uSAVeJnPd19gruHpump","VALENTAURA","Valentine Aura",1771123200,0.0000034275163606531702,1771138500,0.0000037428434485686776,8.3126,0.8313,"expired",0.000003930120403111437,14.6638,4.25,35,49,5539.3228,2.213,657.458
"genetic_best","6RLKHhdsTwWqz7kRkdigL4488sNYJAYJR3589zjLpump","3301","1231507051321",1771123200,0.0003039082516729277,1771123500,0.00025690318026052206,-16.2927,-1.6293,"sl_hit",0.0003174116478584416,4.4432,0.08,1,55,36436.5345,1.834,14.296
"genetic_best","AjZ2pixdhvANRvPb68ouTGf4ZJJpsHbjQaXpoBPstnbw","SEED2","Seed 2.0",1771123200,0.000027289479575559402,1771128900,0.000023068653292642046,-16.2927,-1.6293,"sl_hit",0.00003071354033924362,12.5472,1.58,18,53,11341.9825,1.464,46.779
"genetic_best","9X8VSUD8yhYbHtR3KdKeCvnb7TNfgTKMFufgpCympump","right","we're curing cancer, right?",1771123200,0.0005879798934010206,1771123800,0.0004970378517610381,-16.2927,-1.6293,"sl_hit",0.0005997203117643779,1.9967,0.17,2,58,53341.8422,-19.242,42.596
"genetic_best","GPTfQizjVNQfjKiPzqXswetu5QXoFdTrtEahfWtEpump","underclass","escape the permanent underclass",1771123200,0.00017324333021697384,1771123800,0.00014644802254189354,-16.2927,-1.6293,"sl_hit",0.00017324333021697384,0,0.17,2,62,30997.27,28.52,9.545
"genetic_best","BgrDq6Us2WRTJ29ku19Fb1QEgbHTKo976npsUSTEpump","Melon","Melon Musk",1771123500,0.0001744130941152727,1771125300,0.0001474368606664679,-16.2927,-1.6293,"sl_hit",0.0002072143066423004,18.8066,0.5,6,55,41153.6296,-21.426,37.065
"genetic_best","BeFtLwLtS9Rva12KrHKRMY1H5WoeM1Y2ULMnNJKopump","BINDER","BINDER",1771123800,0.006826992900917029,1771126500,0.0057710712960474305,-16.2927,-1.6293,"sl_hit",0.0068736184579705215,0.683,0.75,9,62,178690.4236,-2.272,3.478
"genetic_best","H5gqBMEvU5fDyVZWooASikoi7MtZyWHDJA3vM5dhpump","ape","ape this",1771124400,0.00010453859038077302,1771125600,0.00008836975034714063,-16.2927,-1.6293,"sl_hit",0.000117841700819824,12.7255,0.33,4,55,30073.195,51.471,51.209
"genetic_best","2wP76beSJ8NB8bgFEkZkQCGtWErxqkxTYEGjx9jYpump","BOOTSTRAP","Bootstrap",1771124400,0.0005747161005299071,1771125900,0.0004858255514955845,-16.2927,-1.6293,"sl_hit",0.0005794026047076557,0.8154,0.42,5,58,63356.4231,-19.122,10.815
"genetic_best","BzyKa1FGjs2EUpu3GGDibY4xdygn5evAiRboKmETpump","TRENCH","Trenches Game",1771124400,0.00022250562061889721,1771139400,0.0002019290596170461,-10.089,-1.0089,"expired",0.0002502751044265194,12.4804,4.17,49,55,36664.7113,-5.301,6.998
"genetic_best","5fFzyj6Mc7A2ECT7ae18YvTT7d6JoPiY8KWoqXzXpump","PUMPID","Valentinesmaxxing Romancegooner",1771125000,0.012314768676926468,1771136400,0.02143247716744479,72.9898,7.299,"tp_hit",0.021704962345008245,76.2515,3.17,38,63,410237.3561,9.928,3.555
"genetic_best","D5Ad8kKr7Sx2ZTCnquRSsakFc4VBvs41kBRKq13qpump","HERO","The American Hero",1771125000,0.00007971399757348177,1771126800,0.00006738474317553801,-16.2927,-1.6293,"sl_hit",0.0000940117928137502,17.9364,0.5,6,55,32074.6749,10.882,47.916
"genetic_best","H21LXsjL5UHhbDNHU2wgL4HSceMwqyb6LAuf5hqxpump","PERMALATOR","Permalator",1771125300,0.00003285704254457694,1771129200,0.000027775088952640722,-16.2927,-1.6293,"sl_hit",0.00004552999411576365,38.57,1.08,13,76,13458.64,8.53,11.056
"genetic_best","HD8phqk5FD6ZoCBskt1AnFtxUwNafKPPgMK1y1DRMHkW","VALENTINE","Valentine's Day",1771125600,0.00006872873207720155,1771128600,0.00011961466915346817,72.9898,7.299,"tp_hit",0.00012996160616759534,89.0936,0.83,10,63,221018.6417,0,47.521
"genetic_best","8ucgWfoG9UDTZttgzKP99f4pLtZyczDan2GDHiG7pump","Cat","Catcoin",1771125600,0.00007100575604683301,1771140300,0.00007553886502152645,5.5038,0.5504,"expired",0.00011130963044439711,56.7614,4.08,45,67,21017.75,-22.85,9.395
"genetic_best","A211pJ1J7CkXaYDQMWzFGqVrc8UK8A8fMoALq9dspump","TRUMP2","trump2",1771125900,0.010138358615746074,1771127400,0.008570272628891725,-16.2927,-1.6293,"sl_hit",0.011400406780081212,12.4482,0.42,5,44,3921.8619,2.03,158.078
"genetic_best","F5tfztTnE4sYsMhZT5KrFpWvHmYSfJZoRjCuxKPbpump","Aliens","Aliens are real",1771126500,0.00004450072382636058,1771128600,0.00007744853130130252,72.9898,7.299,"tp_hit",0.00008986589596102321,101.9425,0.58,7,52,19842.7712,18.753,28.974
"genetic_best","n61wiAe6XPMyyxRWTZYaYbQGcHLRVyuLPeopMztpump","Whalepin","The Whalepin",1771126800,0.000015363067448358264,1771128600,0.000012986882930338434,-16.2927,-1.6293,"sl_hit",0.000015363067448358264,0,0.5,6,51,11312.7093,36.418,12.655
"genetic_best","51V5RwSnBM85279gki8eTobibWXztzWT3rzed1acpump","VALJUICE","Valentine Juice",1771127100,0.0000028134740738586535,1771142700,0.000002722907751926197,-4.0754,-0.4075,"expired",0.000002909378100613846,3.4087,4.33,18,46,4757.4555,2.583,758.698
"genetic_best","9y4nMHKQCMgjHE1UU1pbhykRXG5Xp75Y6B4MxdZapump","MELON","MELON MUSK",1771127700,0.00012051368992351905,1771132500,0.00010187400320937201,-16.2927,-1.6293,"sl_hit",0.00014901193683013772,23.6473,1.33,16,52,23853.8692,-15.095,95.839
"genetic_best","367nFQiNemxPddfQmKmGSyRQwumbGaxmNefVkvUEpump","Sue","Wheelchair Fish",1771129500,0.00007939853782980322,1771131300,0.00006711807515665708,-16.2927,-1.6293,"sl_hit",0.0000949619506291831,19.6016,0.5,6,55,28299.0521,5.418,45.394
"genetic_best","EMjcuzBM88HS44eedo3G9ojzy4D8ixbNA8vKUFpjpump","Life","The art of living",1771129500,0.000012020596093108488,1771138200,0.000010161387023707028,-16.2927,-1.6293,"sl_hit",0.000017161889385710865,42.7707,2.42,27,52,10598.863,-15.036,60.013
"genetic_best","7Uhq9sPuWRGVFHB4tQztEcqh6tbLJu2GqXaeQJS8pump","Lumo","The Vibe of Code",1771129800,0.00003175253949242994,1771130100,0.000026841417868877605,-16.2927,-1.6293,"sl_hit",0.00003175253949242994,0,0.08,1,51,13179.5312,32.814,66.912
"genetic_best","BCG4MBb279NJnJh9iFGooKbKzihymv7gVuEUtcdzpump","PERPZ","Perpz",1771129800,0.00016410227815557248,1771135800,0.00013872080443388254,-16.2927,-1.6293,"sl_hit",0.00020373556369261556,24.1516,1.67,19,55,30400.77,-6.782,17.139
"genetic_best","AhU5zEZLieEpP3bhvsjmWqWJScX7pDsFs6XPc9FGbonk","LinhMai","Linh Mai",1771129800,0.0002849621996569331,1771143900,0.00033701650303814753,17.3572,1.7357,"end_of_data",0.0003804836157377616,33.5207,3.92,44,73,57059.38,6.89,5.114
"genetic_best","9r1ESVcfDagtGM32Y5oost5ofxWi2VA78wUAJibjCmCh","CION","USRX",1771130100,0.013951389446051045,1771141500,0.015996000328188837,13.7543,1.3754,"end_of_data",0.016084343585331267,15.2885,3.17,19,47,14841.5698,1.991,2717.571
"genetic_best","Aky34UtF4mvmACgYyhhiYLZAvSSwSJtx5wi49d9JXjGK","SAMMY","Sammy Jankis",1771130100,0.000154757817624151,1771132200,0.0001308216387642228,-16.2927,-1.6293,"sl_hit",0.00016140240296578617,4.2935,0.58,7,55,31266.4681,5.102,47.631
"genetic_best","H5gqBMEvU5fDyVZWooASikoi7MtZyWHDJA3vM5dhpump","ape","ape this",1771130100,0.00008799182687065042,1771130700,0.00007438225199732885,-16.2927,-1.6293,"sl_hit",0.00009178078869585262,4.306,0.17,2,55,30073.195,51.471,51.209
"genetic_best","GuMGpj1ATXZHfBQzdPiQCu464icCGt9b2FX9YqrqBAGS","CTF","Claim The Fees",1771131300,0.0004544883762461514,1771139100,0.00038419328401367647,-16.2927,-1.6293,"sl_hit",0.000638919687884564,40.58,2.17,26,55,41295.4404,-15.834,25.472
"genetic_best","4X5Yg8xwwyLkuxjkaRzsiXUVnE6bAvkqn1ePgdbWpump","onlineWar","SEAblings vs SOKOR",1771131300,0.000019284642021719378,1771134900,0.0000335627619694764,72.9898,7.299,"tp_hit",0.000035920933738905004,86.267,1,11,56,13603.65,-4.63,5.645
"genetic_best","GPTfQizjVNQfjKiPzqXswetu5QXoFdTrtEahfWtEpump","underclass","escape the permanent underclass",1771131300,0.00009642454450856985,1771134600,0.00008151069279317806,-16.2927,-1.6293,"sl_hit",0.00009955534477154259,3.2469,0.92,11,62,30997.27,28.52,9.545
"genetic_best","2wP76beSJ8NB8bgFEkZkQCGtWErxqkxTYEGjx9jYpump","BOOTSTRAP","Bootstrap",1771131600,0.0004497267049470667,1771143900,0.0004580062031497285,0.972,0.0972,"end_of_data",0.0005718563400450415,27.1564,3.42,41,58,63356.4231,-19.122,10.815
"genetic_best","DjXYs7rtZAYj6YBTmniXrdLKNA2wdopRojckFmuLpump","PW","Psych Ward",1771131900,0.00003375346358766913,1771133700,0.000028532861785576776,-16.2927,-1.6293,"sl_hit",0.000034370916408347554,1.8293,0.5,6,52,14417.338,21.743,72.667
"genetic_best","Ts8rhodMwqYgCxJcLcBD2YWDL5jNSyD6wjLTSzVpump","FEB14","Fondle Every Boobs",1771132200,0.003975991484510253,1771136100,0.0033610303485893437,-16.2927,-1.6293,"sl_hit",0.006423739312710201,61.5632,1.08,13,66,1249770.0853,0.915,0.725
"genetic_best","BgrDq6Us2WRTJ29ku19Fb1QEgbHTKo976npsUSTEpump","Melon","Melon Musk",1771132500,0.00021159038294505747,1771133100,0.000178863989351722,-16.2927,-1.6293,"sl_hit",0.00022079263384239763,4.3491,0.17,2,55,41153.6296,-21.426,37.065
"genetic_best","6RLKHhdsTwWqz7kRkdigL4488sNYJAYJR3589zjLpump","3301","1231507051321",1771132500,0.00027031470320354245,1771134300,0.00022850549974176747,-16.2927,-1.6293,"sl_hit",0.0003168303306722606,17.208,0.5,6,55,36436.5345,1.834,14.296
"genetic_best","9u1ms6Ud9bNv4VWW7uoMYCq48PBumcaz95cw2Jdipump","Painter","The Painter",1771132800,0.00002477002933546325,1771133400,0.00002093888295693749,-16.2927,-1.6293,"sl_hit",0.00002725129866025234,10.0172,0.17,2,51,10151.6361,26.887,82.404
"genetic_best","BeFtLwLtS9Rva12KrHKRMY1H5WoeM1Y2ULMnNJKopump","BINDER","BINDER",1771132800,0.005923521704526802,1771136400,0.005007338747329985,-16.2927,-1.6293,"sl_hit",0.006162392357115447,4.0326,1,12,62,178690.4236,-2.272,3.478
"genetic_best","6mnrcYgQrj9bobZ1e95coQMaiN8jpNqZJf8C4cBJe5ZF","X Money","X Money",1771133100,0.00007103168765330411,1771137900,0.00012362270569051957,72.9898,7.299,"tp_hit",0.00012462235775367042,75.4461,1.33,16,58,124184.0511,0,69.335
"genetic_best","H21LXsjL5UHhbDNHU2wgL4HSceMwqyb6LAuf5hqxpump","PERMALATOR","Permalator",1771133100,0.000021534971672120658,1771143900,0.000026233954948471744,20.9015,2.0901,"end_of_data",0.000030337180990494877,40.874,3,33,76,13458.64,8.53,11.056
"genetic_best","8T4yRnnZAaAnFZsLFqx4Dw9HGCUbdx9KmcsRy2Jspump","goon","gooncoin",1771133100,0.00014062016405586247,1771135200,0.0001188706366340678,-16.2927,-1.6293,"sl_hit",0.00014062016405586247,0,0.58,7,55,27965.7383,8.926,12.698
"genetic_best","n61wiAe6XPMyyxRWTZYaYbQGcHLRVyuLPeopMztpump","Whalepin","The Whalepin",1771134300,0.000012097368339345718,1771143900,0.000018571770766585284,52.5213,5.2521,"end_of_data",0.000020927235765644622,72.99,2.67,32,51,11312.7093,36.418,12.655
"genetic_best","D5Ad8kKr7Sx2ZTCnquRSsakFc4VBvs41kBRKq13qpump","HERO","The American Hero",1771134300,0.0000957687581736998,1771135500,0.00016667480947150383,72.9898,7.299,"tp_hit",0.00017898942620509783,86.8975,0.33,4,55,32074.6749,10.882,47.916
"genetic_best","Dza3Bey5tvyYiPgcGRKoXKU6rNrdoNrWNVmjqePcpump","UNSYS","Uncertain Systems",1771134600,0.0014123421509706442,1771139100,0.0011938971324504722,-16.2927,-1.6293,"sl_hit",0.0014736676730535028,4.3421,1.25,15,61,111440.0521,21.81,25.973
"genetic_best","F5tfztTnE4sYsMhZT5KrFpWvHmYSfJZoRjCuxKPbpump","Aliens","Aliens are real",1771134900,0.00004657888238574397,1771135500,0.00003937459069310423,-16.2927,-1.6293,"sl_hit",0.00004657888238574397,0,0.17,2,52,19842.7712,18.753,28.974
"genetic_best","Rfe9sg18cPCPzpxBj6VzTomANPpDeUDc5w7RdSXpump","torch","torch",1771135500,0.00024445742823003255,1771142400,0.00042545080515958843,72.9898,7.299,"tp_hit",0.0004632611394788279,89.5059,1.92,23,55,56569.8379,44.323,17.879
"genetic_best","4CvZxTW67K8Eue5DSoe2NuCmKhYJCaAaWNcroVixkbyF","Horse","Horse",1771135500,0.000003484315398089652,1771136700,0.000006064061142589878,72.9898,7.299,"tp_hit",0.000006624050041532995,90.1105,0.33,4,73,7265.03,30.47,21.773
"genetic_best","BGSkN7ecC8yV5TZCzHRwaW4X2zt3bdL9sezpRJ68pump","INTERN","Company of Interns",1771135800,0.000036614893591164794,1771137300,0.000030951718344898026,-16.2927,-1.6293,"sl_hit",0.000043107923557146855,17.7333,0.42,5,67,15288.47,2.97,24.525
"genetic_best","pncNghMEMfQScn52zrFEUiYZtduwacoFT7BUTsJpump","X","X Money",1771135800,0.000013615424094482843,1771137600,0.000023696122410876823,72.9898,7.299,"tp_hit",0.000024143557935710645,77.3251,0.5,5,58,12268.63,9.29,6.933
"genetic_best","AjZ2pixdhvANRvPb68ouTGf4ZJJpsHbjQaXpoBPstnbw","SEED2","Seed 2.0",1771135800,0.000018639315418712662,1771136700,0.000015756398131959078,-16.2927,-1.6293,"sl_hit",0.000018639315418712662,0,0.25,3,53,11341.9825,1.464,46.779
"genetic_best","A211pJ1J7CkXaYDQMWzFGqVrc8UK8A8fMoALq9dspump","TRUMP2","trump2",1771136700,0.0000022103144218163364,1771143300,0.000002208079527479048,-0.9652,-0.0965,"end_of_data",0.0000023727373782655364,7.3484,1.83,7,44,3921.8619,2.03,158.078
"genetic_best","BgrDq6Us2WRTJ29ku19Fb1QEgbHTKo976npsUSTEpump","Melon","Melon Musk",1771137000,0.0001950018951963611,1771143900,0.00024269353546827385,23.5316,2.3532,"end_of_data",0.00033727235286313645,72.9585,1.92,23,55,41153.6296,-21.426,37.065
"genetic_best","Ec64vZRywN6cz9Tw3tgVMPnoAQJvFD5bqZ23oTfrpump","AGI","Agentripe",1771137300,0.000051193559991237574,1771143900,0.00005639068406217632,9.2622,0.9262,"end_of_data",0.00006544040599638091,27.8294,1.83,22,52,19931.0243,-3.185,26.059
"genetic_best","367nFQiNemxPddfQmKmGSyRQwumbGaxmNefVkvUEpump","Sue","Wheelchair Fish",1771137600,0.00011734973993639889,1771139100,0.00009919941701632849,-16.2927,-1.6293,"sl_hit",0.00013136194177522603,11.9405,0.42,5,55,28299.0521,5.418,45.394
"genetic_best","EMMiGudXs9cHBixn6PDohLo4vNvVhXwTfoBnApanpump","TRUMP2","trump2",1771138500,0.04229350020883097,1771143900,0.06102285595984134,43.3094,4.3309,"end_of_data",0.06182019232394094,46.1695,1.5,18,65,611604.0265,25.18,2.23
"genetic_best","6QYugssLipYhJb3MPfEyp2pL1pz9WkkrwpZYdTytpump","elun","elun",1771138500,0.000003977781288039845,1771143900,0.000004107314729035978,2.3839,0.2384,"end_of_data",0.00000433849478587112,9.0682,1.5,10,49,5461.5778,12.939,103.414
"genetic_best","C7V47ci5u2Ak3VYb62a1obLTY74BLFxLB7d2NLKRpump","AI","Artificial Intelligence",1771138500,0.0001456196386901797,1771143900,0.00014380806734625028,-2.1053,-0.2105,"end_of_data",0.0001478514000140633,1.5326,1.5,6,53,34080.09,3.11,6.27
"genetic_best","9y4nMHKQCMgjHE1UU1pbhykRXG5Xp75Y6B4MxdZapump","MELON","MELON MUSK",1771138800,0.00010641456459019124,1771139100,0.00008995557020505266,-16.2927,-1.6293,"sl_hit",0.00010641456459019124,0,0.08,1,52,23853.8692,-15.095,95.839
"genetic_best","7Uhq9sPuWRGVFHB4tQztEcqh6tbLJu2GqXaeQJS8pump","Lumo","The Vibe of Code",1771138800,0.000018258771517899416,1771143900,0.000022254888482703067,20.9671,2.0967,"end_of_data",0.000024295712716462335,33.0632,1.42,17,51,13179.5312,32.814,66.912
"genetic_best","AK6r5GzVq155toFcwNj6HqwLTdUBQB9i3Ld3zsnZpump","HALF","Half coin",1771139100,0.00008034713527681797,1771143300,0.00006791995434086355,-16.2927,-1.6293,"sl_hit",0.00011033649347644232,37.3247,1.17,14,57,19059.25,-40.58,20.354
"genetic_best","SVdeWmHnXsSSeU6sE7tf6x8hwBG5jYuUW141pRapump","ZEROCLAW","ZeroClaw",1771139100,0.00013405571320132802,1771143900,0.00013142972196429658,-2.8184,-0.2818,"end_of_data",0.00019192709245164895,43.1696,1.33,16,52,30065.2191,-7.995,11.333
"genetic_best","CBhWmCL8Gkux3obLgeWiCfDQSjsR24cV1kehksHgpump","EXHORSE","Exploding Horse",1771139700,0.00003583282810215038,1771140000,0.000030290613849729422,-16.2927,-1.6293,"sl_hit",0.00003583282810215038,0,0.08,1,54,9784.79,-57,29.762
"genetic_best","F5tfztTnE4sYsMhZT5KrFpWvHmYSfJZoRjCuxKPbpump","Aliens","Aliens are real",1771139700,0.000048698858758546174,1771143900,0.00005274365793869318,7.4206,0.7421,"end_of_data",0.0000565222442743113,16.0648,1.17,14,52,19842.7712,18.753,28.974
"genetic_best","D5Ad8kKr7Sx2ZTCnquRSsakFc4VBvs41kBRKq13qpump","HERO","The American Hero",1771139700,0.00014328049284637254,1771140000,0.00012111949602850178,-16.2927,-1.6293,"sl_hit",0.00014328049284637254,0,0.08,1,55,32074.6749,10.882,47.916
"genetic_best","FyW7wmwNuLE1r126scPRL37wLAsxBw64pZTEVkpnAPz5","GROKPEPE","GROKPEPE",1771140000,0.0004640719965055242,1771142100,0.0008076653918632559,72.9898,7.299,"tp_hit",0.0009229677223400181,98.8846,0.58,7,58,138764.9763,127.599,71.295
"genetic_best","CmbDK6GqR5iyEffWDy7ghBK6oySn44P4k4onQkjtLBqd","SpaceX","SpaceX",1771140000,0.006969933266085072,1771143900,0.007166893324658859,1.9544,0.1954,"end_of_data",0.007206474887981095,3.3937,1.08,13,59,161938.278,1.888,3.869
"genetic_best","9X8VSUD8yhYbHtR3KdKeCvnb7TNfgTKMFufgpCympump","right","we're curing cancer, right?",1771140000,0.0003983913753434235,1771142100,0.0003367727291071973,-16.2927,-1.6293,"sl_hit",0.0004422177718269165,11.0008,0.58,7,58,53341.8422,-19.242,42.596
"genetic_best","H5gqBMEvU5fDyVZWooASikoi7MtZyWHDJA3vM5dhpump","ape","ape this",1771140300,0.00009133055077097778,1771143900,0.00011359542327725873,23.4532,2.3453,"end_of_data",0.0001222225297923334,33.8244,1,12,55,30073.195,51.471,51.209
"genetic_best","DjXYs7rtZAYj6YBTmniXrdLKNA2wdopRojckFmuLpump","PW","Psych Ward",1771140600,0.00002475361884257415,1771144200,0.00003141237979405745,25.9687,2.5969,"end_of_data",0.000036531194955251954,47.5792,1,12,52,14417.338,21.743,72.667
"genetic_best","Dt7rNPRfpmf4P8QvWQgyh5S7pnp4nQWYUmUwrarwpump","BabyPippin","BabyPippin",1771140600,0.00024206300969251168,1771143600,0.00020462345682000925,-16.2927,-1.6293,"sl_hit",0.0002548069294229742,5.2647,0.83,10,57,40540.5451,11.511,18.339
"genetic_best","Aky34UtF4mvmACgYyhhiYLZAvSSwSJtx5wi49d9JXjGK","SAMMY","Sammy Jankis",1771140900,0.00013006240252599164,1771141200,0.0001099458295631,-16.2927,-1.6293,"sl_hit",0.00013495402751775845,3.761,0.08,1,55,31266.4681,5.102,47.631
"genetic_best","BNf8eovbndVsnML7pTVDAj2A7aoQCb9vvndUp6uppump","Tree","ThisIsARealTree",1771141200,0.000009319184837612916,1771141800,0.000007877799332658478,-16.2927,-1.6293,"sl_hit",0.000009319184837612916,0,0.17,2,63,6517.1,-14.72,18.407
"genetic_best","4X5Yg8xwwyLkuxjkaRzsiXUVnE6bAvkqn1ePgdbWpump","onlineWar","SEAblings vs SOKOR",1771141200,0.000029747555272145736,1771143600,0.000025146541801091455,-16.2927,-1.6293,"sl_hit",0.000030181864650301662,1.46,0.67,8,56,13603.65,-4.63,5.645
"genetic_best","GPTfQizjVNQfjKiPzqXswetu5QXoFdTrtEahfWtEpump","underclass","escape the permanent underclass",1771141200,0.00012878304278688177,1771143900,0.0001088643466357186,-16.2927,-1.6293,"sl_hit",0.00013677285266524647,6.2041,0.75,6,62,30997.27,28.52,9.545
"genetic_best","5fFzyj6Mc7A2ECT7ae18YvTT7d6JoPiY8KWoqXzXpump","PUMPID","Valentinesmaxxing Romancegooner",1771141500,0.024442230927218127,1771143900,0.025585844309404547,3.8028,0.3803,"end_of_data",0.02597674473411126,6.2781,0.67,8,63,410237.3561,9.928,3.555
"genetic_best","6RLKHhdsTwWqz7kRkdigL4488sNYJAYJR3589zjLpump","3301","1231507051321",1771141800,0.00022953948126886616,1771142700,0.00019403692531779737,-16.2927,-1.6293,"sl_hit",0.00024299537672500853,5.8621,0.25,3,55,36436.5345,1.834,14.296
"genetic_best","8T4yRnnZAaAnFZsLFqx4Dw9HGCUbdx9KmcsRy2Jspump","goon","gooncoin",1771142100,0.00010545722781482308,1771143900,0.00009648165274643896,-9.3543,-0.9354,"end_of_data",0.0001073992084707522,1.8415,0.5,6,55,27965.7383,8.926,12.698
"genetic_best","9btLvv3qTY8XHT7b1HXv4mKZ7gkRfqmECfS1q4ffzH3v","Rockstar","Rockstar Games",1771142400,0.00006763025269248704,1771143900,0.0000791588373891401,16.1396,1.614,"end_of_data",0.00008216891717617845,21.4973,0.42,5,55,77247.4497,18.007,87.609
"genetic_best","BtnCuSSnSVPSADqLepzPeCx4XkM4NgQSMuD1x4Mbpump","assfish","Ass Eating Fish",1771142400,0.000029241885334700737,1771143900,0.00003120293459910381,5.8252,0.5825,"end_of_data",0.00003592845650855194,22.8664,0.42,5,57,14478.38,6.57,25.834
"genetic_best","9u1ms6Ud9bNv4VWW7uoMYCq48PBumcaz95cw2Jdipump","Painter","The Painter",1771142400,0.00001567811284927319,1771143900,0.00001567727615303306,-0.8697,-0.087,"end_of_data",0.000018325951776674538,16.8888,0.42,5,51,10151.6361,26.887,82.404
"genetic_best","EMjcuzBM88HS44eedo3G9ojzy4D8ixbNA8vKUFpjpump","Life","The art of living",1771142400,0.000016052861195508892,1771143900,0.000015467874353639498,-4.4994,-0.4499,"end_of_data",0.000017861415664706828,11.2662,0.42,5,52,10598.863,-15.036,60.013